{"max_H": 0.7381917467672822, "min_H": 9.71445146547012e-17, "a_BL_mean": 0.3594704846271814, "a_BL_median": 0.33932648137259636}