{"max_H": 0.7438381836892285, "min_H": 1.3877787807814457e-17, "a_BL_mean": 0.3811843713856741, "a_BL_median": 0.3731140962980641}