{"max_H": 0.8555815387310022, "min_H": 0.0, "a_BL_mean": 0.422187173940949, "a_BL_median": 0.45558153873100227}